PDB ID,H6,H7,Hx,H12
1db1,19,5,3,7
1ie8,19,5,4,7
1ie9,19,5,4,7
1s0z,19,5,3,7
1s19,19,5,3,7
1txi,19,5,4,7
2ham,19,5,4,7
2har,19,5,4,7
2has,19,5,4,7
2hb7,19,5,4,7
2hb8,19,5,3,7
3a2i,19,5,3,7
3a2j,19,5,NA,7
3a3z,19,5,4,7
3a40,19,5,4,7
3a78,19,5,4,7
3auq,19,5,3,7
3aur,19,5,4,7
3ax8,19,5,3,7
3az1,20,5,4,7
3az2,20,5,4,7
3az3,20,5,4,7
3b0t,19,5,4,7
3cs4,19,5,4,7
3cs6,19,5,4,7
3kpz,19,5,4,7
3m7r,19,5,4,7
3ogt,19,5,4,7
3p8x,19,5,4,7
3tkc,19,5,4,7
3vhw,19,5,4,7
3w0a,20,5,4,7
3w0c,20,5,3,7
3w0y,19,5,3,7
3wgp,19,5,4,7
3wwr,19,5,4,7
3x31,19,5,4,7
3x36,20,5,4,7
4g2i,19,5,3,7
4ite,19,5,3,7
4itf,19,5,3,7
5gt4,19,5,4,7
5v39,20,5,3,7
5ysy,19,5,4,7
5yt2,19,5,4,7
